1	Qual é a forma de governo dos Estados Unidos?	República|República federal baseada na Constituição|Democracia representativa
2	Qual é a lei suprema do país?	Constituição (dos EUA)
3	Diga uma coisa que a Constituição dos EUA faz.	Estabelece o governo|Define os poderes do governo|Define as partes do governo|Protege os direitos do povo
4	A Constituição dos EUA começa com as palavras “Nós, o Povo”. O que significa “Nós, o Povo”?	Autogoverno|Soberania popular|Consentimento dos governados|O povo deve governar a si mesmo|Um exemplo de contrato social
5	Como são feitas mudanças na Constituição dos EUA?	Emendas|O processo de emenda constitucional
6	O que a Declaração de Direitos protege?	Os direitos básicos dos americanos|Os direitos básicos das pessoas que vivem nos Estados Unidos
7	Quantas emendas a Constituição dos EUA tem?	Vinte e sete (27)
8	Por que a Declaração de Independência é importante?	Afirma que a América está livre do controle britânico.|Afirma que todas as pessoas são criadas iguais.|Identifica direitos inerentes.|Identifica liberdades individuais.
9	Qual documento fundador declarou que as colônias americanas estavam livres da Grã-Bretanha?	Declaração de Independência
10	Diga duas ideias importantes da Declaração de Independência e da Constituição dos EUA.	Igualdade|Liberdade|Contrato social|Direitos naturais|Governo limitado|Autogoverno
11	As palavras “Vida, Liberdade e a busca da Felicidade” estão em qual documento fundador?	Declaração de Independência
12	Qual é o sistema econômico dos Estados Unidos?	Capitalismo|Economia de livre mercado
13	O que é o Estado de Direito?	Todos devem seguir a lei.|Os líderes devem obedecer à lei.|O governo deve obedecer à lei.|Ninguém está acima da lei.
14	Muitos documentos influenciaram a Constituição dos EUA. Diga um.	Declaração de Independência|Artigos da Confederação|Os Artigos Federalistas|Os Artigos Antifederalistas|Declaração de Direitos da Virgínia|Ordens Fundamentais de Connecticut|Pacto do Mayflower|Grande Lei da Paz dos iroqueses
15	Existem três poderes do governo. Por quê?	Para que uma parte não se torne poderosa demais|Freios e contrapesos|Separação dos poderes
16	Diga os três poderes do governo.	Legislativo, executivo e judiciário|Congresso, presidente e tribunais
17	O presidente dos Estados Unidos está à frente de qual poder do governo?	Poder executivo
18	Qual parte do governo federal cria as leis?	Congresso (dos EUA)|Legislatura (dos EUA ou nacional)|Poder legislativo
19	Quais são as duas partes do Congresso dos EUA?	Senado e Câmara dos Representantes
20	Diga um poder do Congresso dos EUA.	Cria leis|Declara guerra|Elabora o orçamento federal
21	Quantos senadores dos EUA existem?	Cem (100)
22	Quanto tempo dura o mandato de um senador dos EUA?	Seis (6) anos
23	Quem é um dos atuais senadores dos EUA pelo seu estado?	As respostas variam. Moradores do Distrito de Colúmbia e de territórios dos EUA devem responder que o local onde vivem não tem senadores dos EUA.
24	Quantos membros com direito a voto existem na Câmara dos Representantes?	Quatrocentos e trinta e cinco (435)
25	Quanto tempo dura o mandato de um membro da Câmara dos Representantes?	Dois (2) anos
26	Por que os representantes dos EUA têm mandatos mais curtos que os senadores dos EUA?	Para acompanhar mais de perto a opinião pública
27	Quantos senadores cada estado tem?	Dois (2)
28	Por que cada estado tem dois senadores?	Representação igual para os estados pequenos|O Grande Compromisso (Compromisso de Connecticut)
29	Diga o nome do seu representante na Câmara dos EUA.	As respostas variam. Moradores de territórios podem dar o nome de seu delegado sem direito a voto ou comissário residente. Também é aceita a afirmação de que o território não tem representantes com direito a voto no Congresso.
30	Qual é o nome do atual presidente da Câmara dos Representantes?	Consulte uscis.gov/citizenship/testupdates para saber o nome do presidente da Câmara dos Representantes.
31	Quem um senador dos EUA representa?	Os cidadãos do seu estado|As pessoas do seu estado
32	Quem elege os senadores dos EUA?	Os cidadãos do seu estado
33	Quem um membro da Câmara dos Representantes representa?	Os cidadãos do seu distrito congressional|Os cidadãos do seu distrito|As pessoas do seu distrito congressional|As pessoas do seu distrito
34	Quem elege os membros da Câmara dos Representantes?	Os cidadãos do seu distrito congressional
35	Alguns estados têm mais representantes que outros. Por quê?	Por causa da população do estado|Porque têm mais pessoas|Porque alguns estados têm mais pessoas
36	O presidente dos Estados Unidos é eleito para um mandato de quantos anos?	Quatro (4) anos
37	O presidente dos Estados Unidos só pode exercer dois mandatos. Por quê?	Por causa da 22ª Emenda|Para evitar que o presidente se torne poderoso demais
38	Qual é o nome do atual presidente dos Estados Unidos?	Consulte uscis.gov/citizenship/testupdates para saber o nome do presidente dos Estados Unidos.
39	Qual é o nome do atual vice-presidente dos Estados Unidos?	Consulte uscis.gov/citizenship/testupdates para saber o nome do vice-presidente dos Estados Unidos.
40	Se o presidente não puder mais exercer o cargo, quem se torna presidente?	O vice-presidente dos Estados Unidos
41	Diga um poder do presidente.	Sanciona projetos de lei|Veta projetos de lei|Faz cumprir as leis|É o comandante em chefe das Forças Armadas|É o principal diplomata|Nomeia juízes federais
42	Quem é o comandante em chefe das Forças Armadas dos EUA?	O presidente dos Estados Unidos
43	Quem sanciona os projetos para que se tornem leis?	O presidente dos Estados Unidos
44	Quem veta projetos de lei?	O presidente dos Estados Unidos
45	Quem nomeia os juízes federais?	O presidente dos Estados Unidos
46	O poder executivo tem muitas partes. Diga uma.	Presidente dos Estados Unidos|Gabinete|Departamentos e agências federais
47	O que o Gabinete do presidente faz?	Aconselha o presidente dos Estados Unidos
48	Quais são dois cargos de nível de Gabinete?	Procurador-geral|Secretário de Agricultura|Secretário de Comércio|Secretário de Educação|Secretário de Energia|Secretário de Saúde e Serviços Humanos|Secretário de Segurança Interna|Secretário de Habitação e Desenvolvimento Urbano|Secretário do Interior|Secretário do Trabalho|Secretário de Estado|Secretário de Transportes|Secretário do Tesouro|Secretário de Assuntos dos Veteranos|Secretário de Guerra (Defesa)|Vice-presidente|Administrador da Agência de Proteção Ambiental|Administrador da Administração de Pequenas Empresas|Diretor da Agência Central de Inteligência|Diretor do Escritório de Gestão e Orçamento|Diretor de Inteligência Nacional|Representante de Comércio dos Estados Unidos
49	Por que o Colégio Eleitoral é importante?	Decide quem é eleito presidente.|É um compromisso entre a eleição popular do presidente e a escolha pelo Congresso.
50	Qual é uma parte do poder judiciário?	Suprema Corte|Tribunais federais
51	O que o poder judiciário faz?	Analisa as leis|Explica as leis|Resolve disputas ou discordâncias sobre a lei|Decide se uma lei viola a Constituição dos EUA
52	Qual é o tribunal mais alto dos Estados Unidos?	Suprema Corte
53	Quantas vagas existem na Suprema Corte?	Nove (9)
54	Quantos ministros da Suprema Corte geralmente são necessários para decidir um caso?	Cinco (5)
55	Por quanto tempo os ministros da Suprema Corte exercem o cargo?	Por toda a vida|Nomeação vitalícia|Até a aposentadoria
56	Os ministros da Suprema Corte têm cargos vitalícios. Por quê?	Para serem independentes da política|Para limitar a influência política externa
57	Quem é o atual presidente da Suprema Corte dos Estados Unidos?	Consulte uscis.gov/citizenship/testupdates para saber o nome do presidente da Suprema Corte dos Estados Unidos.
58	Diga um poder exclusivo do governo federal.	Imprimir papel-moeda|Cunhar moedas|Declarar guerra|Criar um exército|Celebrar tratados|Definir a política externa
59	Diga um poder exclusivo dos estados.	Oferecer ensino e educação|Oferecer proteção policial|Oferecer segurança por meio dos bombeiros|Emitir carteira de motorista|Aprovar o zoneamento e o uso do solo
60	Qual é o propósito da 10ª Emenda?	Estabelece que os poderes não atribuídos ao governo federal pertencem aos estados ou ao povo.
61	Quem é o atual governador do seu estado?	As respostas variam. Moradores do Distrito de Colúmbia devem responder que o D.C. não tem governador.
62	Qual é a capital do seu estado?	As respostas variam. Moradores do Distrito de Colúmbia devem responder que o D.C. não é um estado e não tem capital. Moradores de territórios dos EUA devem dizer a capital do território.
63	Existem quatro emendas à Constituição dos EUA sobre quem pode votar. Descreva uma delas.	Cidadãos com dezoito (18) anos ou mais podem votar.|Não é necessário pagar imposto eleitoral para votar.|Qualquer cidadão pode votar. Mulheres e homens podem votar.|Um cidadão do sexo masculino de qualquer raça pode votar.
64	Quem pode votar nas eleições federais, candidatar-se a cargos federais e participar de um júri nos Estados Unidos?	Cidadãos|Cidadãos dos Estados Unidos|Cidadãos americanos
65	Quais são três direitos de todas as pessoas que vivem nos Estados Unidos?	Liberdade de expressão|Liberdade de fala|Liberdade de reunião|Liberdade de peticionar ao governo|Liberdade religiosa|Direito de portar armas
66	A que demonstramos lealdade ao recitar o Juramento à Bandeira?	Aos Estados Unidos|À bandeira
67	Diga duas promessas que os novos cidadãos fazem no Juramento de Fidelidade.	Renunciar à lealdade a outros países|Defender a Constituição dos EUA|Obedecer às leis dos Estados Unidos|Servir nas Forças Armadas, se necessário|Servir e ajudar a nação, se necessário|Ser leal aos Estados Unidos
68	Como as pessoas podem se tornar cidadãs dos Estados Unidos?	Nascer nos Estados Unidos, nas condições estabelecidas pela 14ª Emenda|Naturalizar-se|Obter cidadania derivada, nas condições estabelecidas pelo Congresso
69	Quais são dois exemplos de participação cívica nos Estados Unidos?	Votar|Candidatar-se a um cargo público|Participar de um partido político|Ajudar em uma campanha|Participar de um grupo cívico|Participar de um grupo comunitário|Dar sua opinião a uma autoridade eleita sobre um assunto|Entrar em contato com autoridades eleitas|Apoiar ou se opor a uma questão ou política|Escrever para um jornal
70	Qual é uma maneira de os americanos servirem ao seu país?	Votar|Pagar impostos|Obedecer à lei|Servir nas Forças Armadas|Candidatar-se a um cargo público|Trabalhar no governo local, estadual ou federal
71	Por que é importante pagar impostos federais?	É exigido por lei|Todos contribuem para financiar o governo federal|É exigido pela Constituição dos EUA, na 16ª Emenda|É um dever cívico
72	É importante que todos os homens de 18 a 25 anos se registrem no Serviço Seletivo. Diga uma razão.	É exigido por lei|É um dever cívico|Torna o recrutamento militar justo, se necessário
73	Os colonos vieram para a América por muitos motivos. Diga um.	Liberdade|Liberdade política|Liberdade religiosa|Oportunidade econômica|Fugir da perseguição
74	Quem vivia na América antes da chegada dos europeus?	Indígenas americanos|Povos nativos americanos
75	Qual grupo de pessoas foi levado e vendido como escravizado?	Africanos|Pessoas da África
76	Qual guerra os americanos travaram para conquistar a independência da Grã-Bretanha?	Revolução Americana|Guerra Revolucionária Americana|Guerra de Independência Americana
77	Diga uma razão pela qual os americanos declararam independência da Grã-Bretanha.	Impostos altos|Tributação sem representação|Soldados britânicos ficaram alojados nas casas dos americanos|Não tinham autogoverno|Massacre de Boston|Festa do Chá de Boston (Lei do Chá)|Lei do Selo|Lei do Açúcar|Leis Townshend|Leis Intoleráveis (Coercitivas)
78	Quem escreveu a Declaração de Independência?	(Thomas) Jefferson
79	Quando a Declaração de Independência foi adotada?	4 de julho de 1776
80	A Revolução Americana teve muitos acontecimentos importantes. Diga um.	Batalha de Bunker Hill|Declaração de Independência|Travessia do Delaware por Washington (Batalha de Trenton)|Batalha de Saratoga|Acampamento de Valley Forge|Batalha de Yorktown (rendição britânica em Yorktown)
81	Existiam 13 estados originais. Diga cinco.	New Hampshire|Massachusetts|Rhode Island|Connecticut|Nova York|Nova Jersey|Pensilvânia|Delaware|Maryland|Virgínia|Carolina do Norte|Carolina do Sul|Geórgia
82	Qual documento fundador foi escrito em 1787?	Constituição dos EUA
83	Os Artigos Federalistas apoiaram a aprovação da Constituição dos EUA. Diga um dos autores.	(James) Madison|(Alexander) Hamilton|(John) Jay|Publius
84	Por que os Artigos Federalistas foram importantes?	Ajudaram as pessoas a entender a Constituição dos EUA.|Apoiaram a aprovação da Constituição dos EUA.
85	Benjamin Franklin é conhecido por muitas coisas. Diga uma.	Fundou as primeiras bibliotecas públicas gratuitas|Foi o primeiro diretor-geral dos Correios dos Estados Unidos|Ajudou a escrever a Declaração de Independência|Foi inventor|Foi diplomata dos EUA
86	George Washington é conhecido por muitas coisas. Diga uma.	“Pai da Nossa Pátria”|Primeiro presidente dos Estados Unidos|General do Exército Continental|Presidente da Convenção Constitucional
87	Thomas Jefferson é conhecido por muitas coisas. Diga uma.	Autor da Declaração de Independência|Terceiro presidente dos Estados Unidos|Dobrou o tamanho dos Estados Unidos com a Compra da Louisiana|Primeiro secretário de Estado|Fundou a Universidade da Virgínia|Autor do Estatuto da Virgínia sobre Liberdade Religiosa
88	James Madison é conhecido por muitas coisas. Diga uma.	“Pai da Constituição”|Quarto presidente dos Estados Unidos|Presidente durante a Guerra de 1812|Um dos autores dos Artigos Federalistas
89	Alexander Hamilton é conhecido por muitas coisas. Diga uma.	Primeiro secretário do Tesouro|Um dos autores dos Artigos Federalistas|Ajudou a estabelecer o Primeiro Banco dos Estados Unidos|Assistente do general George Washington|Membro do Congresso Continental
90	Qual território os Estados Unidos compraram da França em 1803?	Território da Louisiana|Louisiana
91	Diga uma guerra travada pelos Estados Unidos no século XIX.	Guerra de 1812|Guerra Mexicano-Americana|Guerra Civil|Guerra Hispano-Americana
92	Diga o nome da guerra dos EUA entre o Norte e o Sul.	Guerra Civil
93	A Guerra Civil teve muitos acontecimentos importantes. Diga um.	Batalha de Fort Sumter|Proclamação de Emancipação|Batalha de Vicksburg|Batalha de Gettysburg|Marcha de Sherman|Rendição em Appomattox|Batalha de Antietam/Sharpsburg|Lincoln foi assassinado.
94	Abraham Lincoln é conhecido por muitas coisas. Diga uma.	Libertou os escravizados (Proclamação de Emancipação)|Salvou ou preservou a União|Liderou os Estados Unidos durante a Guerra Civil|Foi o 16º presidente dos Estados Unidos|Proferiu o Discurso de Gettysburg
95	O que a Proclamação de Emancipação fez?	Libertou os escravizados|Libertou os escravizados na Confederação|Libertou os escravizados nos estados confederados|Libertou os escravizados na maioria dos estados do Sul
96	Qual guerra dos EUA acabou com a escravidão?	Guerra Civil
97	Qual emenda diz que todas as pessoas nascidas ou naturalizadas nos Estados Unidos, e sujeitas à sua jurisdição, são cidadãs dos EUA?	14ª Emenda
98	Quando todos os homens obtiveram o direito de votar?	Após a Guerra Civil|Durante a Reconstrução|Com a 15ª Emenda|1870
99	Diga uma líder do movimento pelos direitos das mulheres no século XIX.	Susan B. Anthony|Elizabeth Cady Stanton|Sojourner Truth|Harriet Tubman|Lucretia Mott|Lucy Stone
100	Diga uma guerra travada pelos Estados Unidos no século XX.	Primeira Guerra Mundial|Segunda Guerra Mundial|Guerra da Coreia|Guerra do Vietnã|Guerra do Golfo Pérsico
101	Por que os Estados Unidos entraram na Primeira Guerra Mundial?	Porque a Alemanha atacou navios civis dos EUA|Para apoiar os Aliados (Inglaterra, França, Itália e Rússia)|Para se opor às Potências Centrais (Alemanha, Áustria-Hungria, Império Otomano e Bulgária)
102	Quando todas as mulheres obtiveram o direito de votar?	1920|Após a Primeira Guerra Mundial|Com a 19ª Emenda
103	O que foi a Grande Depressão?	A recessão econômica mais longa da história moderna
104	Quando a Grande Depressão começou?	A Grande Quebra de 1929|A quebra da bolsa de valores de 1929
105	Quem foi presidente durante a Grande Depressão e a Segunda Guerra Mundial?	(Franklin) Roosevelt
106	Por que os Estados Unidos entraram na Segunda Guerra Mundial?	O bombardeio de Pearl Harbor|Os japoneses atacaram Pearl Harbor|Para apoiar os Aliados (Inglaterra, França e Rússia)|Para se opor às Potências do Eixo (Alemanha, Itália e Japão)
107	Dwight Eisenhower é conhecido por muitas coisas. Diga uma.	General durante a Segunda Guerra Mundial|Presidente no final ou durante a Guerra da Coreia|34º presidente dos Estados Unidos|Sancionou a Lei Federal de Auxílio às Rodovias de 1956, criando o sistema de rodovias interestaduais
108	Quem foi o principal rival dos Estados Unidos durante a Guerra Fria?	União Soviética|URSS|Rússia
109	Durante a Guerra Fria, qual era uma das principais preocupações dos Estados Unidos?	Comunismo|Guerra nuclear
110	Por que os Estados Unidos entraram na Guerra da Coreia?	Para impedir a expansão do comunismo
111	Por que os Estados Unidos entraram na Guerra do Vietnã?	Para impedir a expansão do comunismo
112	O que o movimento pelos direitos civis fez?	Lutou para acabar com a discriminação racial
113	Martin Luther King Jr. é conhecido por muitas coisas. Diga uma.	Lutou pelos direitos civis|Trabalhou pela igualdade de todos os americanos|Trabalhou para que as pessoas não fossem julgadas pela cor da pele, mas pelo conteúdo do seu caráter
114	Por que os Estados Unidos entraram na Guerra do Golfo Pérsico?	Para obrigar as forças militares iraquianas a sair do Kuwait
115	Qual grande acontecimento ocorreu nos Estados Unidos em 11 de setembro de 2001?	Terroristas atacaram os Estados Unidos|Terroristas tomaram dois aviões e os lançaram contra o World Trade Center em Nova York|Terroristas tomaram um avião e o lançaram contra o Pentágono em Arlington, Virgínia|Terroristas tomaram um avião que originalmente tinha Washington, D.C. como alvo e o derrubaram em um campo na Pensilvânia
116	Diga um conflito militar dos EUA após os ataques de 11 de setembro de 2001.	Guerra Global ao Terror|Guerra no Afeganistão|Guerra no Iraque
117	Diga uma tribo indígena americana dos Estados Unidos.	Apache|Blackfeet|Cayuga|Cherokee|Cheyenne|Chippewa|Choctaw|Creek|Crow|Hopi|Huron|Inupiat|Lakota|Mohawk|Mohegan|Navajo|Oneida|Onondaga|Pueblo|Seminole|Seneca|Shawnee|Sioux|Teton|Tuscarora
118	Diga um exemplo de inovação americana.	Lâmpada elétrica|Automóvel (carros, motor de combustão interna)|Arranha-céus|Avião|Linha de montagem|Pouso na Lua|Circuito integrado (CI)
119	Qual é a capital dos Estados Unidos?	Washington, D.C.
120	Onde fica a Estátua da Liberdade?	Porto de Nova York|Ilha da Liberdade. Também são aceitos Nova Jersey, perto da cidade de Nova York e no rio Hudson.
121	Por que a bandeira tem 13 listras?	Porque existiam 13 colônias originais|Porque as listras representam as colônias originais
122	Por que a bandeira tem 50 estrelas?	Porque há uma estrela para cada estado|Porque cada estrela representa um estado|Porque existem 50 estados
123	Qual é o nome do hino nacional?	The Star-Spangled Banner (A Bandeira Estrelada)
124	O primeiro lema da nação foi “E Pluribus Unum”. O que isso significa?	De muitos, um|Todos nos tornamos um
125	O que é o Dia da Independência?	Um feriado para celebrar a independência dos EUA em relação à Grã-Bretanha|O aniversário do país
126	Diga três feriados nacionais dos EUA.	Ano-Novo|Dia de Martin Luther King Jr.|Dia dos Presidentes (aniversário de Washington)|Memorial Day (dia em memória dos militares mortos em serviço)|Juneteenth (celebração do fim da escravidão)|Dia da Independência|Dia do Trabalho|Dia de Colombo|Dia dos Veteranos|Dia de Ação de Graças|Natal
127	O que é Memorial Day?	Um feriado para homenagear os militares que morreram em serviço
128	O que é o Dia dos Veteranos?	Um feriado para homenagear pessoas das Forças Armadas dos EUA|Um feriado para homenagear pessoas que serviram nas Forças Armadas dos EUA
